-- Вставка ПВЗ (добавлено в начало для ссылочной целостности)
INSERT INTO pickup_point (id, city, street, house, zip_code, created_at, updated_at) VALUES
    ('550e8400-e29b-41d4-a716-446655440040', 'Москва', 'Ленина', '1', '101000', NOW(), NOW()),
    ('550e8400-e29b-41d4-a716-446655440041', 'Санкт-Петербург', 'Невский проспект', '10', '190000', NOW(), NOW()),
    ('550e8400-e29b-41d4-a716-446655440042', 'Казань', 'Баумана', '5', '420000', NOW(), NOW()),
    ('550e8400-e29b-41d4-a716-446655440043', 'Екатеринбург', 'Ленина', '25', '620000', NOW(), NOW());

-- Вставка пользователей
INSERT INTO "user" (id, email, phone_number, password_hash, name, surname, image_url) VALUES
    ('e29b41d4-a716-4466-5544-000000000001', 'user1@example.com', '+1234567890', 'hash1', 'Иван', 'Иванов', NULL),
    ('e29b41d4-a716-4466-5544-000000000002', 'user2@example.com', '+1234567891', 'hash2', 'Петр', 'Петров', NULL),
    ('e29b41d4-a716-4466-5544-000000000003', 'seller1@example.com', '+1234567892', 'hash3', 'Алексей', 'Сидоров', NULL),
    ('e29b41d4-a716-4466-5544-000000000004', 'seller2@example.com', '+1234567893', 'hash4', 'Мария', 'Петрова', NULL),
    ('e29b41d4-a716-4466-5544-000000000005', 'seller3@example.com', '+1234567894', 'hash5', 'Ольга', 'Иванова', NULL),
    ('e29b41d4-a716-4466-5544-000000000006', 'seller4@example.com', '+1234567895', 'hash6', 'Дмитрий', 'Смирнов', NULL),
    ('e29b41d4-a716-4466-5544-000000000007', 'seller5@example.com', '+1234567896', 'hash7', 'Анна', 'Кузнецова', NULL),
    ('e29b41d4-a716-4466-5544-000000000008', 'seller6@example.com', '+1234567897', 'hash8', 'Сергей', 'Васильев', NULL),
    ('e29b41d4-a716-4466-5544-000000000009', 'seller7@example.com', '+1234567898', 'hash9', 'Елена', 'Попова', NULL),
    ('e29b41d4-a716-4466-5544-000000000010', 'seller8@example.com', '+1234567899', 'hash10', 'Андрей', 'Соколов', NULL);

-- Вставка ролей
INSERT INTO role (id, name) VALUES
    ('550e8400-e29b-41d4-a716-446655440001', 'admin'),
    ('550e8400-e29b-41d4-a716-446655440002', 'seller'),
    ('550e8400-e29b-41d4-a716-446655440003', 'customer');

-- Вставка связи пользователей с ролями
INSERT INTO user_role (id, user_id, role_id) VALUES
    ('550e8400-e29b-41d4-a716-446655440003', 'e29b41d4-a716-4466-5544-000000000001', '550e8400-e29b-41d4-a716-446655440001'), -- admin
    ('550e8400-e29b-41d4-a716-446655440004', 'e29b41d4-a716-4466-5544-000000000002', '550e8400-e29b-41d4-a716-446655440003'), -- customer
    ('550e8400-e29b-41d4-a716-446655440005', 'e29b41d4-a716-4466-5544-000000000003', '550e8400-e29b-41d4-a716-446655440002'), -- seller
    ('550e8400-e29b-41d4-a716-446655440006', 'e29b41d4-a716-4466-5544-000000000004', '550e8400-e29b-41d4-a716-446655440002'), -- seller
    ('550e8400-e29b-41d4-a716-446655440007', 'e29b41d4-a716-4466-5544-000000000005', '550e8400-e29b-41d4-a716-446655440002'), -- seller
    ('550e8400-e29b-41d4-a716-446655440008', 'e29b41d4-a716-4466-5544-000000000006', '550e8400-e29b-41d4-a716-446655440002'), -- seller
    ('550e8400-e29b-41d4-a716-446655440009', 'e29b41d4-a716-4466-5544-000000000007', '550e8400-e29b-41d4-a716-446655440002'), -- seller
    ('550e8400-e29b-41d4-a716-446655440010', 'e29b41d4-a716-4466-5544-000000000008', '550e8400-e29b-41d4-a716-446655440002'), -- seller
    ('550e8400-e29b-41d4-a716-446655440011', 'e29b41d4-a716-4466-5544-000000000009', '550e8400-e29b-41d4-a716-446655440002'), -- seller
    ('550e8400-e29b-41d4-a716-446655440012', 'e29b41d4-a716-4466-5544-000000000010', '550e8400-e29b-41d4-a716-446655440002'); -- seller

-- Вставка категорий
INSERT INTO category (id, name) VALUES
    ('550e8400-e29b-41d4-a716-446655440010', 'Электроника'),
    ('550e8400-e29b-41d4-a716-446655440011', 'Бытовая техника'),
    ('550e8400-e29b-41d4-a716-446655440012', 'Компьютеры и ноутбуки'),
    ('550e8400-e29b-41d4-a716-446655440013', 'Смартфоны и гаджеты'),
    ('550e8400-e29b-41d4-a716-446655440014', 'Аудиотехника'),
    ('550e8400-e29b-41d4-a716-446655440015', 'Игровые консоли');

-- Вставка товаров с корректными статусами
INSERT INTO product (id, seller_id, name, description, status, price, quantity, updated_at, rating, reviews_count)
VALUES
    ('550e8400-e29b-41d4-a716-446655440001', 'e29b41d4-a716-4466-5544-000000000003', 'Смартфон Xiaomi Redmi Note 10',  'Смартфон с AMOLED-дисплеем и камерой 48 Мп', 'approved', 19999, 50, NOW(), 4, 120),
    ('550e8400-e29b-41d4-a716-446655440002', 'e29b41d4-a716-4466-5544-000000000004', 'Ноутбук ASUS VivoBook 15', 'Ноутбук с процессором Intel Core i5 и SSD на 512 ГБ', 'approved', 54999, 30, NOW(), 4, 80),
    ('550e8400-e29b-41d4-a716-446655440003', 'e29b41d4-a716-4466-5544-000000000005', 'Наушники Sony WH-1000XM4', 'Беспроводные наушники с шумоподавлением', 'approved', 29999, 25, NOW(), 4, 200),
    ('550e8400-e29b-41d4-a716-446655440004', 'e29b41d4-a716-4466-5544-000000000006', 'Фитнес-браслет Xiaomi Mi Band 6', 'Фитнес-браслет с AMOLED-дисплеем и мониторингом сна', 'approved', 3999, 100, NOW(), 4, 300),
    ('550e8400-e29b-41d4-a716-446655440005', 'e29b41d4-a716-4466-5544-000000000007', 'Пылесос Dyson V11', 'Беспроводной пылесос с мощным всасыванием', 'approved', 59999, 15, NOW(), 4, 90),
    ('550e8400-e29b-41d4-a716-446655440006', 'e29b41d4-a716-4466-5544-000000000008', 'Кофемашина DeLonghi Magnifica', 'Автоматическая кофемашина для приготовления эспрессо', 'approved', 79999, 10, NOW(), 4, 70),
    ('550e8400-e29b-41d4-a716-446655440007', 'e29b41d4-a716-4466-5544-000000000009', 'Электросамокат Xiaomi Mi Scooter 3', 'Электросамокат с запасом хода 30 км', 'approved', 29999, 40, NOW(), 4, 150),
    ('550e8400-e29b-41d4-a716-446655440008', 'e29b41d4-a716-4466-5544-000000000010', 'Умная колонка Яндекс.Станция Мини', 'Умная колонка с голосовым помощником Алисой', 'approved', 7999, 60, NOW(), 4, 250),
    ('550e8400-e29b-41d4-a716-446655440009', 'e29b41d4-a716-4466-5544-000000000003', 'Монитор Samsung Odyssey G5', 'Игровой монитор с разрешением 1440p и частотой 144 Гц', 'approved', 34999, 20, NOW(), 4, 100),
    ('550e8400-e29b-41d4-a716-446655440010', 'e29b41d4-a716-4466-5544-000000000004', 'Электрочайник Bosch TWK 3A011', 'Электрочайник с мощностью 2400 Вт', 'approved', 1999, 50, NOW(), 4, 180),
    ('550e8400-e29b-41d4-a716-446655440011', 'e29b41d4-a716-4466-5544-000000000005', 'Робот-пылесос iRobot Roomba 981', 'Робот-пылесос с навигацией по карте помещения', 'approved', 69999, 12, NOW(), 4, 60),
    ('550e8400-e29b-41d4-a716-446655440012', 'e29b41d4-a716-4466-5544-000000000006', 'Фен Dyson Supersonic', 'Фен с технологией защиты волос от перегрева', 'approved', 49999, 18, NOW(), 4, 130),
    ('550e8400-e29b-41d4-a716-446655440013', 'e29b41d4-a716-4466-5544-000000000007', 'Микроволновая печь LG MS-2042DB', 'Микроволновка с объемом 20 литров', 'approved', 8999, 35, NOW(), 4, 110),
    ('550e8400-e29b-41d4-a716-446655440014', 'e29b41d4-a716-4466-5544-000000000008', 'Игровая консоль PlayStation 5', 'Игровая консоль нового поколения', 'approved', 79999, 5, NOW(), 4, 300),
    ('550e8400-e29b-41d4-a716-446655440015', 'e29b41d4-a716-4466-5544-000000000009', 'Электронная книга PocketBook 740', 'Электронная книга с экраном E Ink Carta', 'approved', 19999, 25, NOW(), 4, 90);

-- Вставка связи товаров с категориями
INSERT INTO product_category (id, product_id, category_id) VALUES
    ('550e8400-e29b-41d4-a716-446655440030', '550e8400-e29b-41d4-a716-446655440001', '550e8400-e29b-41d4-a716-446655440013'),
    ('550e8400-e29b-41d4-a716-446655440031', '550e8400-e29b-41d4-a716-446655440002', '550e8400-e29b-41d4-a716-446655440012'),
    ('550e8400-e29b-41d4-a716-446655440032', '550e8400-e29b-41d4-a716-446655440003', '550e8400-e29b-41d4-a716-446655440014'),
    ('550e8400-e29b-41d4-a716-446655440033', '550e8400-e29b-41d4-a716-446655440004', '550e8400-e29b-41d4-a716-446655440013'),
    ('550e8400-e29b-41d4-a716-446655440034', '550e8400-e29b-41d4-a716-446655440005', '550e8400-e29b-41d4-a716-446655440011'),
    ('550e8400-e29b-41d4-a716-446655440035', '550e8400-e29b-41d4-a716-446655440006', '550e8400-e29b-41d4-a716-446655440011'),
    ('550e8400-e29b-41d4-a716-446655440036', '550e8400-e29b-41d4-a716-446655440007', '550e8400-e29b-41d4-a716-446655440010'),
    ('550e8400-e29b-41d4-a716-446655440037', '550e8400-e29b-41d4-a716-446655440008', '550e8400-e29b-41d4-a716-446655440010'),
    ('550e8400-e29b-41d4-a716-446655440038', '550e8400-e29b-41d4-a716-446655440009', '550e8400-e29b-41d4-a716-446655440012'),
    ('550e8400-e29b-41d4-a716-446655440039', '550e8400-e29b-41d4-a716-446655440010', '550e8400-e29b-41d4-a716-446655440011'),
    ('550e8400-e29b-41d4-a716-446655440040', '550e8400-e29b-41d4-a716-446655440011', '550e8400-e29b-41d4-a716-446655440011'),
    ('550e8400-e29b-41d4-a716-446655440041', '550e8400-e29b-41d4-a716-446655440012', '550e8400-e29b-41d4-a716-446655440011'),
    ('550e8400-e29b-41d4-a716-446655440042', '550e8400-e29b-41d4-a716-446655440013', '550e8400-e29b-41d4-a716-446655440011'),
    ('550e8400-e29b-41d4-a716-446655440043', '550e8400-e29b-41d4-a716-446655440014', '550e8400-e29b-41d4-a716-446655440015'),
    ('550e8400-e29b-41d4-a716-446655440044', '550e8400-e29b-41d4-a716-446655440015', '550e8400-e29b-41d4-a716-446655440010');

-- Вставка адресов
INSERT INTO address (id, user_id, city, street, house, apartment, zip_code, address_type, pickup_point_id, updated_at) VALUES
    ('550e8400-e29b-41d4-a716-446655440050', 'e29b41d4-a716-4466-5544-000000000001', 'Москва', 'Ленина', '1', '10', '101000', 'user', NULL, NOW()),
    ('550e8400-e29b-41d4-a716-446655440051', 'e29b41d4-a716-4466-5544-000000000002', 'Санкт-Петербург', 'Невский проспект', '20', '5', '190000', 'user', NULL, NOW()),
    ('550e8400-e29b-41d4-a716-446655440052', NULL, 'Москва', 'Ленина', '1', NULL, '101000', 'pickup', '550e8400-e29b-41d4-a716-446655440040', NOW()),
    ('550e8400-e29b-41d4-a716-446655440053', NULL, 'Санкт-Петербург', 'Невский проспект', '10', NULL, '190000', 'pickup', '550e8400-e29b-41d4-a716-446655440041', NOW());

-- Вставка балансов пользователей
INSERT INTO user_balance (id, user_id, balance, updated_at) VALUES
    ('550e8400-e29b-41d4-a716-446655440060', 'e29b41d4-a716-4466-5544-000000000001', 100000, NOW()),
    ('550e8400-e29b-41d4-a716-446655440061', 'e29b41d4-a716-4466-5544-000000000002', 50000, NOW());

-- Вставка корзин
INSERT INTO basket (id, user_id) VALUES
    ('550e8400-e29b-41d4-a716-446655440070', 'e29b41d4-a716-4466-5544-000000000001'),
    ('550e8400-e29b-41d4-a716-446655440071', 'e29b41d4-a716-4466-5544-000000000002');

-- Вставка элементов корзины
INSERT INTO basket_item (id, basket_id, product_id, quantity, updated_at) VALUES
    ('550e8400-e29b-41d4-a716-446655440080', '550e8400-e29b-41d4-a716-446655440070', '550e8400-e29b-41d4-a716-446655440001', 1, NOW()),
    ('550e8400-e29b-41d4-a716-446655440081', '550e8400-e29b-41d4-a716-446655440070', '550e8400-e29b-41d4-a716-446655440002', 2, NOW()),
    ('550e8400-e29b-41d4-a716-446655440082', '550e8400-e29b-41d4-a716-446655440071', '550e8400-e29b-41d4-a716-446655440003', 1, NOW());

-- Вставка заказов
INSERT INTO "order" (id, user_id, status, total_price, address_id, created_at, updated_at) VALUES
    ('550e8400-e29b-41d4-a716-446655440090', 'e29b41d4-a716-4466-5544-000000000001', 'placed', 19999, '550e8400-e29b-41d4-a716-446655440050', NOW(), NOW()),
    ('550e8400-e29b-41d4-a716-446655440091', 'e29b41d4-a716-4466-5544-000000000002', 'delivered', 29999, '550e8400-e29b-41d4-a716-446655440051', NOW(), NOW());

-- Вставка элементов заказа
INSERT INTO order_item (id, order_id, product_id, quantity, updated_at) VALUES
    ('550e8400-e29b-41d4-a716-446655440100', '550e8400-e29b-41d4-a716-446655440090', '550e8400-e29b-41d4-a716-446655440001', 1, NOW()),
    ('550e8400-e29b-41d4-a716-446655440101', '550e8400-e29b-41d4-a716-446655440091', '550e8400-e29b-41d4-a716-446655440003', 1, NOW());

-- Вставка избранных товаров
INSERT INTO favorite (id, user_id, product_id, created_at) VALUES
    ('550e8400-e29b-41d4-a716-446655440110', 'e29b41d4-a716-4466-5544-000000000001', '550e8400-e29b-41d4-a716-446655440001', NOW()),
    ('550e8400-e29b-41d4-a716-446655440111', 'e29b41d4-a716-4466-5544-000000000001', '550e8400-e29b-41d4-a716-446655440003', NOW()),
    ('550e8400-e29b-41d4-a716-446655440112', 'e29b41d4-a716-4466-5544-000000000002', '550e8400-e29b-41d4-a716-446655440002', NOW());

-- Вставка отзывов
INSERT INTO review (id, user_id, product_id, rating, comment, created_at, updated_at) VALUES
    ('550e8400-e29b-41d4-a716-446655440120', 'e29b41d4-a716-4466-5544-000000000001', '550e8400-e29b-41d4-a716-446655440001', 5, 'Отличный смартфон!', NOW(), NOW()),
    ('550e8400-e29b-41d4-a716-446655440121', 'e29b41d4-a716-4466-5544-000000000002', '550e8400-e29b-41d4-a716-446655440003', 4, 'Хорошие наушники, но дорогие', NOW(), NOW());

-- Вставка скидок
INSERT INTO discount (id, start_date, end_date, product_id, discounted_price, updated_at) VALUES
    ('550e8400-e29b-41d4-a716-446655440130', NOW(), NOW() + INTERVAL '7 days', '550e8400-e29b-41d4-a716-446655440001', 17999, NOW()),
    ('550e8400-e29b-41d4-a716-446655440131', NOW(), NOW() + INTERVAL '14 days', '550e8400-e29b-41d4-a716-446655440003', 26999, NOW());

-- Вставка промокодов
INSERT INTO promo_code (id, user_id, category_id, seller_id, code, relative_discount, absolute_discount, start_date, end_date, updated_at) VALUES
    ('550e8400-e29b-41d4-a716-446655440140', NULL, '550e8400-e29b-41d4-a716-446655440010', NULL, 'SUMMER10', 0.1, NULL, NOW(), NOW() + INTERVAL '30 days', NOW()),
    ('550e8400-e29b-41d4-a716-446655440141', NULL, NULL, 'e29b41d4-a716-4466-5544-000000000003', 'XIAOMI500', NULL, 500, NOW(), NOW() + INTERVAL '15 days', NOW());

-- Вставка версий пользователей
INSERT INTO user_version (id, user_id, version, updated_at) VALUES
    ('550e8400-e29b-41d4-a716-446655440150', 'e29b41d4-a716-4466-5544-000000000001', 1, NOW()),
    ('550e8400-e29b-41d4-a716-446655440151', 'e29b41d4-a716-4466-5544-000000000002', 1, NOW());

-- Вставка изображений товаров
INSERT INTO product_image (id, product_id, image_url, num) VALUES
    ('550e8400-e29b-41d4-a716-446655440160', '550e8400-e29b-41d4-a716-446655440001', 'https://example.com/images/xiaomi_redmi_note_10_1.jpg', 0),
    ('550e8400-e29b-41d4-a716-446655440161', '550e8400-e29b-41d4-a716-446655440001', 'https://example.com/images/xiaomi_redmi_note_10_2.jpg', 1),
    ('550e8400-e29b-41d4-a716-446655440162', '550e8400-e29b-41d4-a716-446655440002', 'https://example.com/images/asus_vivobook_15_1.jpg', 0);