-- Вставка адресов
INSERT INTO bazaar.address (id, region, city, address_string, coordinate)
VALUES
    ('550e8400-e29b-41d4-a716-446655440201', 'Центральный', 'Москва', 'ул. Ленина, д. 1', '55.7558,37.6176'),
    ('550e8400-e29b-41d4-a716-446655440202', 'Северо-Западный', 'Санкт-Петербург', 'Невский пр., д. 10', '59.9311,30.3609'),
    ('550e8400-e29b-41d4-a716-446655440203', 'Приволжский', 'Казань', 'ул. Баумана, д. 5', '55.7963,49.1088');

-- Вставка ПВЗ
INSERT INTO bazaar.pickup_point (id, address_id)
VALUES
    ('550e8400-e29b-41d4-a716-446655440040', '550e8400-e29b-41d4-a716-446655440201'),
    ('550e8400-e29b-41d4-a716-446655440041', '550e8400-e29b-41d4-a716-446655440202'),
    ('550e8400-e29b-41d4-a716-446655440042', '550e8400-e29b-41d4-a716-446655440203');

-- Вставка пользователей
INSERT INTO bazaar."user" (id, email, phone_number, password_hash, name)
VALUES ('e29b41d4-a716-4466-5544-000000000001', 'user1@example.com', '+1234567890', 'hash1', 'Иван'),
       ('e29b41d4-a716-4466-5544-000000000002', 'user2@example.com', '+1234567891', 'hash2', 'Петр'),
       ('e29b41d4-a716-4466-5544-000000000003', 'seller1@example.com', '+1234567892', 'hash3', 'Алексей'),
       ('e29b41d4-a716-4466-5544-000000000004', 'seller2@example.com', '+1234567893', 'hash4', 'Мария'),
       ('e29b41d4-a716-4466-5544-000000000005', 'seller3@example.com', '+1234567894', 'hash5', 'Ольга'),
       ('e29b41d4-a716-4466-5544-000000000006', 'seller4@example.com', '+1234567895', 'hash6', 'Дмитрий'),
       ('e29b41d4-a716-4466-5544-000000000007', 'seller5@example.com', '+1234567896', 'hash7', 'Анна'),
       ('e29b41d4-a716-4466-5544-000000000008', 'seller6@example.com', '+1234567897', 'hash8', 'Сергей'),
       ('e29b41d4-a716-4466-5544-000000000009', 'seller7@example.com', '+1234567898', 'hash9', 'Елена'),
       ('e29b41d4-a716-4466-5544-000000000010', 'seller8@example.com', '+1234567899', 'hash10', 'Андрей');

-- Вставка ролей
INSERT INTO bazaar.role (id, name)
VALUES ('550e8400-e29b-41d4-a716-446655440001', 'admin'),
       ('550e8400-e29b-41d4-a716-446655440002', 'seller'),
       ('550e8400-e29b-41d4-a716-446655440003', 'customer');

-- Вставка связи пользователей с ролями
INSERT INTO bazaar.user_role (id, user_id, role_id)
VALUES ('550e8400-e29b-41d4-a716-446655440011', 'e29b41d4-a716-4466-5544-000000000001',
        '550e8400-e29b-41d4-a716-446655440003'),
       ('550e8400-e29b-41d4-a716-446655440012', 'e29b41d4-a716-4466-5544-000000000002',
        '550e8400-e29b-41d4-a716-446655440003'),
       ('550e8400-e29b-41d4-a716-446655440013', 'e29b41d4-a716-4466-5544-000000000003',
        '550e8400-e29b-41d4-a716-446655440002'),
       ('550e8400-e29b-41d4-a716-446655440014', 'e29b41d4-a716-4466-5544-000000000004',
        '550e8400-e29b-41d4-a716-446655440002'),
       ('550e8400-e29b-41d4-a716-446655440015', 'e29b41d4-a716-4466-5544-000000000005',
        '550e8400-e29b-41d4-a716-446655440002'),
       ('550e8400-e29b-41d4-a716-446655440016', 'e29b41d4-a716-4466-5544-000000000006',
        '550e8400-e29b-41d4-a716-446655440002'),
       ('550e8400-e29b-41d4-a716-446655440017', 'e29b41d4-a716-4466-5544-000000000007',
        '550e8400-e29b-41d4-a716-446655440002'),
       ('550e8400-e29b-41d4-a716-446655440018', 'e29b41d4-a716-4466-5544-000000000008',
        '550e8400-e29b-41d4-a716-446655440002'),
       ('550e8400-e29b-41d4-a716-446655440019', 'e29b41d4-a716-4466-5544-000000000009',
        '550e8400-e29b-41d4-a716-446655440002'),
       ('550e8400-e29b-41d4-a716-446655440020', 'e29b41d4-a716-4466-5544-000000000010',
        '550e8400-e29b-41d4-a716-446655440002');

-- Вставка категорий
INSERT INTO bazaar.category (id, name)
VALUES ('550e8400-e29b-41d4-a716-446655440010', 'Электроника'),
       ('550e8400-e29b-41d4-a716-446655440011', 'Бытовая техника'),
       ('550e8400-e29b-41d4-a716-446655440012', 'Компьютеры и ноутбуки'),
       ('550e8400-e29b-41d4-a716-446655440013', 'Смартфоны и гаджеты'),
       ('550e8400-e29b-41d4-a716-446655440014', 'Аудиотехника'),
       ('550e8400-e29b-41d4-a716-446655440015', 'Игровые консоли');

-- Вставка всех 15 товаров
INSERT INTO bazaar.product (id, seller_id, name, description, status, price, quantity, rating, reviews_count, preview_image_url)
VALUES 
  ('550e8400-e29b-41d4-a716-446655440001', 'e29b41d4-a716-4466-5544-000000000003', 'Смартфон Xiaomi Redmi Note 10',
   'Смартфон с AMOLED-дисплеем и камерой 48 Мп', 'approved', 19999.00, 50, 4, 120,
   'http://90.156.217.63:8080/s3/ffe68ed9-de77-421e-800a-0df65e2de284'),
  
  ('550e8400-e29b-41d4-a716-446655440002', 'e29b41d4-a716-4466-5544-000000000004', 'Ноутбук ASUS VivoBook 15',
   'Ноутбук с процессором Intel Core i5 и SSD на 512 ГБ', 'approved', 54999.00, 30, 4, 80,
   'http://90.156.217.63:8080/s3/f54c40e2-62b7-42a5-9530-2b6c90501d0e'),
  
  ('550e8400-e29b-41d4-a716-446655440003', 'e29b41d4-a716-4466-5544-000000000005', 'Наушники Sony WH-1000XM4',
   'Беспроводные наушники с шумоподавлением', 'approved', 29999.00, 25, 4, 200,
   'http://90.156.217.63:8080/s3/0116edd7-a740-4ec4-9ecd-1675dff68d30'),
  
  ('550e8400-e29b-41d4-a716-446655440004', 'e29b41d4-a716-4466-5544-000000000006', 'Фитнес-браслет Xiaomi Mi Band 6',
   'Фитнес-браслет с AMOLED-дисплеем и мониторингом сна', 'approved', 3999.00, 100, 4, 300,
   'http://90.156.217.63:8080/s3/39d009d8-7fd0-43cd-9e3d-c26a16dccd98'),
  
  ('550e8400-e29b-41d4-a716-446655440005', 'e29b41d4-a716-4466-5544-000000000007', 'Пылесос Dyson V11',
   'Беспроводной пылесос с мощным всасыванием', 'approved', 59999.00, 15, 4, 90,
   'http://90.156.217.63:8080/s3/2667d585-9f3f-4584-8619-d65188a81562'),
  
  ('550e8400-e29b-41d4-a716-446655440006', 'e29b41d4-a716-4466-5544-000000000008', 'Кофемашина DeLonghi Magnifica',
   'Автоматическая кофемашина для приготовления эспрессо', 'approved', 79999.00, 10, 4, 70,
   'http://90.156.217.63:8080/s3/0be59f96-e7c4-48b1-85c8-b12b9b8bcb94'),
  
  ('550e8400-e29b-41d4-a716-446655440007', 'e29b41d4-a716-4466-5544-000000000009', 'Электросамокат Xiaomi Mi Scooter 3',
   'Электросамокат с запасом хода 30 км', 'approved', 29999.00, 40, 4, 150,
   'http://90.156.217.63:8080/s3/5d608a62-0e13-468b-acba-ee75d680a912'),
  
  ('550e8400-e29b-41d4-a716-446655440008', 'e29b41d4-a716-4466-5544-000000000010', 'Умная колонка Яндекс.Станция Мини',
   'Умная колонка с голосовым помощником Алисой', 'approved', 7999.00, 60, 4, 250,
   'http://90.156.217.63:8080/s3/04cda51f-7b88-47f6-a4aa-dab52518c88b'),
  
  ('550e8400-e29b-41d4-a716-446655440009', 'e29b41d4-a716-4466-5544-000000000003', 'Монитор Samsung Odyssey G5',
   'Игровой монитор с разрешением 1440p и частотой 144 Гц', 'approved', 34999.00, 20, 4, 100,
   'http://90.156.217.63:8080/s3/3c36a52e-15f6-43f7-8dbb-837a86502ce0'),
  
  ('550e8400-e29b-41d4-a716-446655440010', 'e29b41d4-a716-4466-5544-000000000004', 'Электрочайник Bosch TWK 3A011',
   'Электрочайник с мощностью 2400 Вт', 'approved', 1999.00, 50, 4, 180,
   'http://90.156.217.63:8080/s3/b7499c98-2b54-4787-840c-d45bfa64bda1'),
  
  ('550e8400-e29b-41d4-a716-446655440011', 'e29b41d4-a716-4466-5544-000000000005', 'Робот-пылесос iRobot Roomba 981',
   'Робот-пылесос с навигацией по карте помещения', 'approved', 69999.00, 12, 4, 60,
   'http://90.156.217.63:8080/s3/947f7197-dac3-4fc3-970d-3a9242818ef1'),
  
  ('550e8400-e29b-41d4-a716-446655440012', 'e29b41d4-a716-4466-5544-000000000006', 'Фен Dyson Supersonic',
   'Фен с технологией защиты волос от перегрева', 'approved', 49999.00, 18, 4, 130,
   'http://90.156.217.63:8080/s3/3b4c5a9c-7113-46a8-8109-cd8477d0dccd'),
  
  ('550e8400-e29b-41d4-a716-446655440013', 'e29b41d4-a716-4466-5544-000000000007', 'Микроволновая печь LG MS-2042DB',
   'Микроволновка с объемом 20 литров', 'approved', 8999.00, 35, 4, 110,
   'http://90.156.217.63:8080/s3/6d1bb063-07e2-4888-a410-16f787d5139e'),
  
  ('550e8400-e29b-41d4-a716-446655440014', 'e29b41d4-a716-4466-5544-000000000008', 'Игровая консоль PlayStation 5',
   'Игровая консоль нового поколения', 'approved', 79999.00, 5, 4, 300,
   'http://90.156.217.63:8080/s3/5ad7ccf5-9ab2-46d2-b3ec-bbba72283409'),
  
  ('550e8400-e29b-41d4-a716-446655440015', 'e29b41d4-a716-4466-5544-000000000009', 'Электронная книга PocketBook 740',
   'Электронная книга с экраном E Ink Carta', 'approved', 19999.00, 25, 4, 90,
   'http://90.156.217.63:8080/s3/34496970-43f1-4b52-96d4-4601e4830e96');

-- Вставка связи товаров с категориями
INSERT INTO bazaar.product_category (id, product_id, category_id)
VALUES ('550e8400-e29b-41d4-a716-446655440101', '550e8400-e29b-41d4-a716-446655440001',
        '550e8400-e29b-41d4-a716-446655440013'),
       ('550e8400-e29b-41d4-a716-446655440102', '550e8400-e29b-41d4-a716-446655440002',
        '550e8400-e29b-41d4-a716-446655440012'),
       ('550e8400-e29b-41d4-a716-446655440103', '550e8400-e29b-41d4-a716-446655440003',
        '550e8400-e29b-41d4-a716-446655440014'),
       ('550e8400-e29b-41d4-a716-446655440104', '550e8400-e29b-41d4-a716-446655440004',
        '550e8400-e29b-41d4-a716-446655440013'),
       ('550e8400-e29b-41d4-a716-446655440105', '550e8400-e29b-41d4-a716-446655440005',
        '550e8400-e29b-41d4-a716-446655440011'),
       ('550e8400-e29b-41d4-a716-446655440106', '550e8400-e29b-41d4-a716-446655440006',
        '550e8400-e29b-41d4-a716-446655440011'),
       ('550e8400-e29b-41d4-a716-446655440107', '550e8400-e29b-41d4-a716-446655440007',
        '550e8400-e29b-41d4-a716-446655440010'),
       ('550e8400-e29b-41d4-a716-446655440108', '550e8400-e29b-41d4-a716-446655440008',
        '550e8400-e29b-41d4-a716-446655440010'),
       ('550e8400-e29b-41d4-a716-446655440109', '550e8400-e29b-41d4-a716-446655440009',
        '550e8400-e29b-41d4-a716-446655440012'),
       ('550e8400-e29b-41d4-a716-446655440110', '550e8400-e29b-41d4-a716-446655440010',
        '550e8400-e29b-41d4-a716-446655440011'),
       ('550e8400-e29b-41d4-a716-446655440111', '550e8400-e29b-41d4-a716-446655440011',
        '550e8400-e29b-41d4-a716-446655440011'),
       ('550e8400-e29b-41d4-a716-446655440112', '550e8400-e29b-41d4-a716-446655440012',
        '550e8400-e29b-41d4-a716-446655440011'),
       ('550e8400-e29b-41d4-a716-446655440113', '550e8400-e29b-41d4-a716-446655440013',
        '550e8400-e29b-41d4-a716-446655440011'),
       ('550e8400-e29b-41d4-a716-446655440114', '550e8400-e29b-41d4-a716-446655440014',
        '550e8400-e29b-41d4-a716-446655440015'),
       ('550e8400-e29b-41d4-a716-446655440115', '550e8400-e29b-41d4-a716-446655440015',
        '550e8400-e29b-41d4-a716-446655440010');

-- Вставка балансов пользователей
INSERT INTO bazaar.user_balance (id, user_id, balance)
VALUES ('550e8400-e29b-41d4-a716-446655440301', 'e29b41d4-a716-4466-5544-000000000001', 100000.00),
       ('550e8400-e29b-41d4-a716-446655440302', 'e29b41d4-a716-4466-5544-000000000002', 50000.00);

-- Вставка корзин
INSERT INTO bazaar.basket (id, user_id, total_price, total_price_discount)
VALUES ('550e8400-e29b-41d4-a716-446655440401', 'e29b41d4-a716-4466-5544-000000000001', 0.00, 0.00),
       ('550e8400-e29b-41d4-a716-446655440402', 'e29b41d4-a716-4466-5544-000000000002', 0.00, 0.00);

-- Вставка элементов корзины
INSERT INTO bazaar.basket_item (id, basket_id, product_id, quantity)
VALUES ('550e8400-e29b-41d4-a716-446655440501', '550e8400-e29b-41d4-a716-446655440401',
        '550e8400-e29b-41d4-a716-446655440001', 1),
       ('550e8400-e29b-41d4-a716-446655440502', '550e8400-e29b-41d4-a716-446655440401',
        '550e8400-e29b-41d4-a716-446655440003', 1),
       ('550e8400-e29b-41d4-a716-446655440503', '550e8400-e29b-41d4-a716-446655440402',
        '550e8400-e29b-41d4-a716-446655440005', 1);

-- Вставка заказов
INSERT INTO bazaar."order" (id, user_id, status, total_price, total_price_discount, address_id)
VALUES ('550e8400-e29b-41d4-a716-446655440601', 'e29b41d4-a716-4466-5544-000000000001', 'placed', 49998.00, 49998.00,
        '550e8400-e29b-41d4-a716-446655440201'),
       ('550e8400-e29b-41d4-a716-446655440602', 'e29b41d4-a716-4466-5544-000000000002', 'delivered', 59999.00, 59999.00,
        '550e8400-e29b-41d4-a716-446655440202');

-- Вставка элементов заказа
INSERT INTO bazaar.order_item (id, order_id, product_id, price, quantity)
VALUES ('550e8400-e29b-41d4-a716-446655440701', '550e8400-e29b-41d4-a716-446655440601',
        '550e8400-e29b-41d4-a716-446655440001', 1499.99, 1),
       ('550e8400-e29b-41d4-a716-446655440702', '550e8400-e29b-41d4-a716-446655440601',
        '550e8400-e29b-41d4-a716-446655440003', 2599.00, 1),
       ('550e8400-e29b-41d4-a716-446655440703', '550e8400-e29b-41d4-a716-446655440602',
        '550e8400-e29b-41d4-a716-446655440005', 799.50, 1);

-- Вставка избранных товаров
INSERT INTO bazaar.favorite (id, user_id, product_id)
VALUES ('550e8400-e29b-41d4-a716-446655440801', 'e29b41d4-a716-4466-5544-000000000001',
        '550e8400-e29b-41d4-a716-446655440002'),
       ('550e8400-e29b-41d4-a716-446655440802', 'e29b41d4-a716-4466-5544-000000000001',
        '550e8400-e29b-41d4-a716-446655440004'),
       ('550e8400-e29b-41d4-a716-446655440803', 'e29b41d4-a716-4466-5544-000000000002',
        '550e8400-e29b-41d4-a716-446655440001'),
       ('550e8400-e29b-41d4-a716-446655440804', 'e29b41d4-a716-4466-5544-000000000002',
        '550e8400-e29b-41d4-a716-446655440006');

-- Вставка отзывов
INSERT INTO bazaar.review (id, user_id, product_id, rating, comment)
VALUES ('550e8400-e29b-41d4-a716-446655440901', 'e29b41d4-a716-4466-5544-000000000001',
        '550e8400-e29b-41d4-a716-446655440001', 5, 'Отличный смартфон за свои деньги!'),
       ('550e8400-e29b-41d4-a716-446655440902', 'e29b41d4-a716-4466-5544-000000000001',
        '550e8400-e29b-41d4-a716-446655440003', 4, 'Хорошие наушники, но дороговаты'),
       ('550e8400-e29b-41d4-a716-446655440903', 'e29b41d4-a716-4466-5544-000000000002',
        '550e8400-e29b-41d4-a716-446655440005', 5, 'Лучший пылесос, который у меня был!'),
       ('550e8400-e29b-41d4-a716-446655440904', 'e29b41d4-a716-4466-5544-000000000002',
        '550e8400-e29b-41d4-a716-446655440008', 4, 'Хороший звук, удобное управление');

-- Вставка скидок
INSERT INTO bazaar.discount (id, start_date, end_date, product_id, discounted_price)
VALUES ('550e8400-e29b-41d4-a716-446655441001', NOW(), NOW() + INTERVAL '7 DAY', '550e8400-e29b-41d4-a716-446655440001',
        17999.00),
       ('550e8400-e29b-41d4-a716-446655441002', NOW(), NOW() + INTERVAL '14 DAY',
        '550e8400-e29b-41d4-a716-446655440003', 26999.00),
       ('550e8400-e29b-41d4-a716-446655441003', NOW(), NOW() + INTERVAL '10 DAY',
        '550e8400-e29b-41d4-a716-446655440005', 54999.00);

-- Вставка промокодов
INSERT INTO bazaar.promo_code (id, code, relative_discount, absolute_discount, start_date, end_date)
VALUES ('550e8400-e29b-41d4-a716-446655441101', 'SUMMER10', 0.1, NULL, NOW(), NOW() + INTERVAL '30 DAY'),
       ('550e8400-e29b-41d4-a716-446655441102', 'TECH500', NULL, 500.00, NOW(), NOW() + INTERVAL '15 DAY'),
       ('550e8400-e29b-41d4-a716-446655441103', 'XIAOMI20', 0.2, NULL, NOW(), NOW() + INTERVAL '7 DAY');

-- Вставка версий пользователей
INSERT INTO bazaar.user_version (id, user_id)
VALUES ('550e8400-e29b-41d4-a716-446655441201', 'e29b41d4-a716-4466-5544-000000000001'),
       ('550e8400-e29b-41d4-a716-446655441202', 'e29b41d4-a716-4466-5544-000000000002');

-- Вставка изображений товаров
INSERT INTO bazaar.product_image (id, product_id, image_url, num)
VALUES ('550e8400-e29b-41d4-a716-446655441301', '550e8400-e29b-41d4-a716-446655440001', 'xiaomi_redmi_note_10_1.jpg',
        0),
       ('550e8400-e29b-41d4-a716-446655441302', '550e8400-e29b-41d4-a716-446655440001', 'xiaomi_redmi_note_10_2.jpg',
        1),
       ('550e8400-e29b-41d4-a716-446655441303', '550e8400-e29b-41d4-a716-446655440002', 'asus_vivobook_15_1.jpg', 0),
       ('550e8400-e29b-41d4-a716-446655441304', '550e8400-e29b-41d4-a716-446655440003', 'sony_wh1000xm4_1.jpg', 0),
       ('550e8400-e29b-41d4-a716-446655441305', '550e8400-e29b-41d4-a716-446655440004', 'xiaomi_mi_band_6_1.jpg', 0),
       ('550e8400-e29b-41d4-a716-446655441306', '550e8400-e29b-41d4-a716-446655440005', 'dyson_v11_1.jpg', 0),
       ('550e8400-e29b-41d4-a716-446655441307', '550e8400-e29b-41d4-a716-446655440006', 'delonghi_magnifica_1.jpg', 0),
       ('550e8400-e29b-41d4-a716-446655441308', '550e8400-e29b-41d4-a716-446655440007', 'xiaomi_mi_scooter_3_1.jpg', 0),
       ('550e8400-e29b-41d4-a716-446655441309', '550e8400-e29b-41d4-a716-446655440008', 'yandex_station_mini_1.jpg', 0),
       ('550e8400-e29b-41d4-a716-446655441310', '550e8400-e29b-41d4-a716-446655440009', 'samsung_odyssey_g5_1.jpg', 0),
       ('550e8400-e29b-41d4-a716-446655441311', '550e8400-e29b-41d4-a716-446655440010', 'bosch_twk_3a011_1.jpg', 0),
       ('550e8400-e29b-41d4-a716-446655441312', '550e8400-e29b-41d4-a716-446655440011', 'irobot_roomba_981_1.jpg', 0),
       ('550e8400-e29b-41d4-a716-446655441313', '550e8400-e29b-41d4-a716-446655440012', 'dyson_supersonic_1.jpg', 0),
       ('550e8400-e29b-41d4-a716-446655441314', '550e8400-e29b-41d4-a716-446655440013', 'lg_ms2042db_1.jpg', 0),
       ('550e8400-e29b-41d4-a716-446655441315', '550e8400-e29b-41d4-a716-446655440014', 'playstation5_1.jpg', 0),
       ('550e8400-e29b-41d4-a716-446655441316', '550e8400-e29b-41d4-a716-446655440015', 'pocketbook_740_1.jpg', 0);





INSERT INTO bazaar.topic (id, name)
VALUES
    ('00000000-0000-0000-0000-000000000001', 'Category'),
    ('00000000-0000-0000-0000-000000000002', 'Profile'),
    ('00000000-0000-0000-0000-000000000003', 'Cart'),
    ('00000000-0000-0000-0000-000000000004', 'Order'),
    ('00000000-0000-0000-0000-000000000005', 'Mainpage'),
    ('00000000-0000-0000-0000-000000000006', 'Recommendation');

-- Опрос по "Выбор категории"
INSERT INTO bazaar.survey (id, topic_id, title, description)
VALUES ('10000000-0000-0000-0000-000000000001', '00000000-0000-0000-0000-000000000001', 'Опрос по выбору категории', 'Пожалуйста, оцените процесс выбора категории.');

-- Опрос по "Профиль"
INSERT INTO bazaar.survey (id, topic_id, title, description)
VALUES ('20000000-0000-0000-0000-000000000001', '00000000-0000-0000-0000-000000000002', 'Опрос по профилю', 'Пожалуйста, оцените работу с профилем.');

-- Опрос по "Корзина"
INSERT INTO bazaar.survey (id, topic_id, title, description)
VALUES ('30000000-0000-0000-0000-000000000001', '00000000-0000-0000-0000-000000000003', 'Опрос по корзине', 'Пожалуйста, оцените удобство корзины.');

-- Опрос по "Заказы"
INSERT INTO bazaar.survey (id, topic_id, title, description)
VALUES ('40000000-0000-0000-0000-000000000001', '00000000-0000-0000-0000-000000000004', 'Опрос по заказам', 'Пожалуйста, оцените оформление заказов.');

-- Опрос по "Основная страница"
INSERT INTO bazaar.survey (id, topic_id, title, description)
VALUES ('50000000-0000-0000-0000-000000000001', '00000000-0000-0000-0000-000000000005', 'Опрос по главной странице', 'Пожалуйста, оцените главную страницу.');

-- Опрос по "Рекомендации"
INSERT INTO bazaar.survey (id, topic_id, title, description)
VALUES ('60000000-0000-0000-0000-000000000001', '00000000-0000-0000-0000-000000000006', 'Опрос по рекомендациям', 'Пожалуйста, оцените систему рекомендаций.');

-- Вопросы для опроса по основной странице
INSERT INTO bazaar.question (id, survey_id, text, position)
VALUES
    ('51000000-0000-0000-0000-000000000001', '50000000-0000-0000-0000-000000000001', 'Как бы вы оценили удобство навигации на главной странице?', 1),
    ('51000000-0000-0000-0000-000000000002', '50000000-0000-0000-0000-000000000001', 'Насколько легко вам было найти нужную информацию на главной странице?', 2),
    ('51000000-0000-0000-0000-000000000003', '50000000-0000-0000-0000-000000000001', 'Насколько привлекателен дизайн главной страницы?', 3);

-- Вопросы для опроса по выбору категории
INSERT INTO bazaar.question (id, survey_id, text, position)
VALUES
    ('11000000-0000-0000-0000-000000000001', '10000000-0000-0000-0000-000000000001', 'Насколько удобен процесс выбора категории товаров?', 1),
    ('11000000-0000-0000-0000-000000000002', '10000000-0000-0000-0000-000000000001', 'Насколько легко вам было найти нужную категорию товаров?', 2),
    ('11000000-0000-0000-0000-000000000003', '10000000-0000-0000-0000-000000000001', 'Насколько хорошо организованы категории?', 3);

-- Вопросы для опроса по профилю
INSERT INTO bazaar.question (id, survey_id, text, position)
VALUES
    ('21000000-0000-0000-0000-000000000001', '20000000-0000-0000-0000-000000000001', 'Как бы вы оценили удобство редактирования профиля?', 1),
    ('21000000-0000-0000-0000-000000000002', '20000000-0000-0000-0000-000000000001', 'Насколько удобны функции профиля, такие как изменение данных и изменение аватарки?', 2);

-- Вопросы для опроса по корзине
INSERT INTO bazaar.question (id, survey_id, text, position)
VALUES
    ('31000000-0000-0000-0000-000000000001', '30000000-0000-0000-0000-000000000001', 'Как бы вы оценили удобство использования корзины?', 1),
    ('31000000-0000-0000-0000-000000000002', '30000000-0000-0000-0000-000000000001', 'Насколько удобно добавлять и удалять товары из корзины?', 2),
    ('31000000-0000-0000-0000-000000000003', '30000000-0000-0000-0000-000000000001', 'Насколько понятна информация о товарах в корзине?', 3);

-- Вопросы для опроса по заказам
INSERT INTO bazaar.question (id, survey_id, text, position)
VALUES
    ('41000000-0000-0000-0000-000000000001', '40000000-0000-0000-0000-000000000001', 'Как бы вы оценили процесс оформления заказа?', 1),
    ('41000000-0000-0000-0000-000000000002', '40000000-0000-0000-0000-000000000001', 'Насколько понятен и удобен процесс отслеживания состояния заказа?', 2),
    ('41000000-0000-0000-0000-000000000003', '40000000-0000-0000-0000-000000000001', 'Насколько вы довольны сроками доставки?', 3),
    ('41000000-0000-0000-0000-000000000004', '40000000-0000-0000-0000-000000000001', 'Как бы вы оценили процесс оплаты?', 4);

-- Вопросы для опроса по рекомендациям
INSERT INTO bazaar.question (id, survey_id, text, position)
VALUES
    ('61000000-0000-0000-0000-000000000001', '60000000-0000-0000-0000-000000000001', 'Насколько вы готовы рекомендовать маркетплейс Bazaar друзьям и знакомым?', 1);